dataset,frame,yaw_deg,n_points,inside_image,object_points,hit_ratio,ped_points,ped_hit_ratio,car_points,car_hit_ratio
kitti_mini,000008,0.0,122555,17238,5127,0.9963,0,nan,5127,0.9963
kitti_mini,000008,0.5,122555,17281,5104,0.9957,0,nan,5104,0.9957
kitti_mini,000008,1.0,122555,17316,5071,0.9862,0,nan,5071,0.9862
kitti_mini,000008,2.0,122555,17384,5008,0.9481,0,nan,5008,0.9481
kitti_mini,000008,3.0,122555,17436,4943,0.9098,0,nan,4943,0.9098
kitti_mini,000011,0.0,108004,19946,725,0.9945,307,0.9967,418,0.9928
kitti_mini,000011,0.5,108004,19946,690,0.9188,307,0.8567,383,0.9687
kitti_mini,000011,1.0,108004,19952,656,0.7744,307,0.6189,349,0.9112
kitti_mini,000011,2.0,108004,19963,592,0.4544,307,0.2117,285,0.7158
kitti_mini,000011,3.0,108004,19948,537,0.2123,307,0.0521,230,0.4261
kitti_mini,000049,0.0,113691,18093,4557,0.9925,761,0.9553,3796,1.0
kitti_mini,000049,0.5,113691,18134,4559,0.9746,764,0.9097,3795,0.9876
kitti_mini,000049,1.0,113691,18174,4553,0.935,765,0.851,3788,0.952
kitti_mini,000049,2.0,113691,18229,4516,0.8474,765,0.7333,3751,0.8707
kitti_mini,000049,3.0,113691,18231,4470,0.7432,765,0.5699,3705,0.7789
